Changes made at Sat Aug  9 05:58:18 UTC 2025
Changes made at Sat Aug  9 06:00:13 UTC 2025
Changes made at Sat Aug  9 06:01:25 UTC 2025
Changes made at Sat Aug  9 06:10:34 UTC 2025
Changes made at Sat Aug  9 08:14:07 UTC 2025
Changes made at Sat Aug  9 08:15:15 UTC 2025
Changes made at Sat Aug  9 10:11:03 UTC 2025
Changes made at Sat Aug  9 14:10:13 UTC 2025
Changes made at Sat Aug  9 16:12:55 UTC 2025
Changes made at Sun Aug 10 08:14:16 UTC 2025
Changes made at Sun Aug 10 10:11:42 UTC 2025
Changes made at Sun Aug 10 14:10:09 UTC 2025
Changes made at Sun Aug 10 16:13:05 UTC 2025
Changes made at Mon Aug 11 08:18:02 UTC 2025
Changes made at Mon Aug 11 10:13:28 UTC 2025
Changes made at Mon Aug 11 14:14:02 UTC 2025
Changes made at Mon Aug 11 16:14:48 UTC 2025
Changes made at Tue Aug 12 08:16:11 UTC 2025
Changes made at Tue Aug 12 10:12:54 UTC 2025
Changes made at Tue Aug 12 14:12:10 UTC 2025
Changes made at Tue Aug 12 16:14:22 UTC 2025
Changes made at Wed Aug 13 08:15:53 UTC 2025
Changes made at Wed Aug 13 10:12:40 UTC 2025
Changes made at Wed Aug 13 14:12:39 UTC 2025
Changes made at Wed Aug 13 16:11:15 UTC 2025
Changes made at Thu Aug 14 08:16:19 UTC 2025
Changes made at Thu Aug 14 10:12:55 UTC 2025
Changes made at Thu Aug 14 14:11:48 UTC 2025
Changes made at Thu Aug 14 16:14:54 UTC 2025
Changes made at Fri Aug 15 08:15:49 UTC 2025
Changes made at Fri Aug 15 10:12:10 UTC 2025
Changes made at Fri Aug 15 14:11:20 UTC 2025
Changes made at Fri Aug 15 16:13:34 UTC 2025
Changes made at Sat Aug 16 08:13:58 UTC 2025
Changes made at Sat Aug 16 10:10:37 UTC 2025
Changes made at Sat Aug 16 14:09:18 UTC 2025
Changes made at Sat Aug 16 16:12:01 UTC 2025
Changes made at Sun Aug 17 07:54:27 UTC 2025
Changes made at Sun Aug 17 07:58:04 UTC 2025
Changes made at Sun Aug 17 08:08:37 UTC 2025
Changes made at Sun Aug 17 08:14:27 UTC 2025
Changes made at Sun Aug 17 08:16:29 UTC 2025
Changes made at Sun Aug 17 08:17:10 UTC 2025
Changes made at Sun Aug 17 10:11:08 UTC 2025
Changes made at Sun Aug 17 11:01:42 UTC 2025
Changes made at Sun Aug 17 11:04:33 UTC 2025
Changes made at Sun Aug 17 19:59:40 UTC 2025
Changes made at Sun Aug 17 21:59:43 UTC 2025
Changes made at Sun Aug 17 22:59:26 UTC 2025
Changes made at Mon Aug 18 10:59:23 UTC 2025
Changes made at Mon Aug 18 19:59:24 UTC 2025
Changes made at Mon Aug 18 21:59:23 UTC 2025
Changes made at Mon Aug 18 22:59:27 UTC 2025
Changes made at Tue Aug 19 11:00:06 UTC 2025
Changes made at Tue Aug 19 19:59:27 UTC 2025
Changes made at Tue Aug 19 21:59:23 UTC 2025
Changes made at Tue Aug 19 22:59:25 UTC 2025
Changes made at Wed Aug 20 10:59:21 UTC 2025
Changes made at Wed Aug 20 19:59:31 UTC 2025
Changes made at Wed Aug 20 21:59:35 UTC 2025
Changes made at Wed Aug 20 22:59:27 UTC 2025
Changes made at Thu Aug 21 10:59:29 UTC 2025
Changes made at Thu Aug 21 19:59:34 UTC 2025
Changes made at Thu Aug 21 21:59:42 UTC 2025
Changes made at Thu Aug 21 22:59:14 UTC 2025
Changes made at Fri Aug 22 10:59:37 UTC 2025
Changes made at Fri Aug 22 19:59:38 UTC 2025
Changes made at Fri Aug 22 21:59:31 UTC 2025
Changes made at Fri Aug 22 23:00:03 UTC 2025
Changes made at Sat Aug 23 10:59:46 UTC 2025
Changes made at Sat Aug 23 19:59:34 UTC 2025
Changes made at Sat Aug 23 22:00:19 UTC 2025
Changes made at Sat Aug 23 22:59:37 UTC 2025
Changes made at Sun Aug 24 10:59:35 UTC 2025
Changes made at Sun Aug 24 19:59:30 UTC 2025
Changes made at Sun Aug 24 21:59:42 UTC 2025
Changes made at Sun Aug 24 22:59:29 UTC 2025
Changes made at Mon Aug 25 10:59:43 UTC 2025
Changes made at Mon Aug 25 19:59:50 UTC 2025
Changes made at Mon Aug 25 21:59:42 UTC 2025
Changes made at Mon Aug 25 22:59:50 UTC 2025
Changes made at Tue Aug 26 10:59:34 UTC 2025
Changes made at Tue Aug 26 19:59:59 UTC 2025
Changes made at Tue Aug 26 21:59:42 UTC 2025
Changes made at Tue Aug 26 22:59:31 UTC 2025
Changes made at Wed Aug 27 10:59:24 UTC 2025
Changes made at Wed Aug 27 19:59:29 UTC 2025
Changes made at Wed Aug 27 21:59:21 UTC 2025
Changes made at Wed Aug 27 22:59:35 UTC 2025
Changes made at Thu Aug 28 10:59:52 UTC 2025
Changes made at Thu Aug 28 19:59:26 UTC 2025
Changes made at Thu Aug 28 21:59:42 UTC 2025
Changes made at Thu Aug 28 22:59:29 UTC 2025
Changes made at Fri Aug 29 10:59:25 UTC 2025
Changes made at Fri Aug 29 19:59:32 UTC 2025
Changes made at Fri Aug 29 21:59:34 UTC 2025
Changes made at Fri Aug 29 22:59:25 UTC 2025
Changes made at Sat Aug 30 10:59:34 UTC 2025
Changes made at Sat Aug 30 19:59:32 UTC 2025
Changes made at Sat Aug 30 21:59:39 UTC 2025
Changes made at Sat Aug 30 22:59:21 UTC 2025
Changes made at Sun Aug 31 10:59:29 UTC 2025
Changes made at Sun Aug 31 19:59:36 UTC 2025
Changes made at Sun Aug 31 21:59:30 UTC 2025
Changes made at Sun Aug 31 22:59:34 UTC 2025
Changes made at Mon Sep  1 10:59:24 UTC 2025
Changes made at Mon Sep  1 19:59:38 UTC 2025
Changes made at Mon Sep  1 21:59:24 UTC 2025
Changes made at Mon Sep  1 22:59:30 UTC 2025
Changes made at Tue Sep  2 10:59:20 UTC 2025
Changes made at Tue Sep  2 19:59:38 UTC 2025
Changes made at Tue Sep  2 21:59:30 UTC 2025
Changes made at Tue Sep  2 22:59:31 UTC 2025
Changes made at Wed Sep  3 10:59:32 UTC 2025
Changes made at Wed Sep  3 19:59:35 UTC 2025
Changes made at Wed Sep  3 21:59:23 UTC 2025
Changes made at Wed Sep  3 22:59:35 UTC 2025
Changes made at Thu Sep  4 10:59:22 UTC 2025
Changes made at Thu Sep  4 19:59:45 UTC 2025
Changes made at Thu Sep  4 21:59:43 UTC 2025
Changes made at Thu Sep  4 22:59:53 UTC 2025
Changes made at Fri Sep  5 10:59:20 UTC 2025
Changes made at Fri Sep  5 19:59:24 UTC 2025
Changes made at Fri Sep  5 21:59:26 UTC 2025
Changes made at Fri Sep  5 22:59:50 UTC 2025
Changes made at Sat Sep  6 10:59:23 UTC 2025
Changes made at Sat Sep  6 19:59:19 UTC 2025
Changes made at Sat Sep  6 21:59:24 UTC 2025
Changes made at Sat Sep  6 22:59:41 UTC 2025
Changes made at Sun Sep  7 10:59:41 UTC 2025
Changes made at Sun Sep  7 19:59:40 UTC 2025
Changes made at Sun Sep  7 21:59:38 UTC 2025
Changes made at Sun Sep  7 22:59:32 UTC 2025
Changes made at Mon Sep  8 10:59:22 UTC 2025
Changes made at Mon Sep  8 19:59:34 UTC 2025
Changes made at Mon Sep  8 21:59:55 UTC 2025
Changes made at Mon Sep  8 22:59:23 UTC 2025
Changes made at Tue Sep  9 10:59:30 UTC 2025
Changes made at Tue Sep  9 19:59:48 UTC 2025
Changes made at Tue Sep  9 21:59:22 UTC 2025
Changes made at Tue Sep  9 22:59:52 UTC 2025
Changes made at Wed Sep 10 10:59:16 UTC 2025
Changes made at Wed Sep 10 19:59:37 UTC 2025
Changes made at Wed Sep 10 21:59:33 UTC 2025
Changes made at Wed Sep 10 22:59:27 UTC 2025
Changes made at Thu Sep 11 10:59:22 UTC 2025
Changes made at Thu Sep 11 19:59:30 UTC 2025
Changes made at Thu Sep 11 21:59:21 UTC 2025
Changes made at Thu Sep 11 22:59:24 UTC 2025
Changes made at Fri Sep 12 10:59:46 UTC 2025
Changes made at Fri Sep 12 19:59:34 UTC 2025
Changes made at Fri Sep 12 21:59:35 UTC 2025
Changes made at Fri Sep 12 22:59:26 UTC 2025
Changes made at Sat Sep 13 10:59:34 UTC 2025
Changes made at Sat Sep 13 20:01:26 UTC 2025
Changes made at Sat Sep 13 21:59:21 UTC 2025
Changes made at Sat Sep 13 22:59:25 UTC 2025
Changes made at Sun Sep 14 10:59:54 UTC 2025
Changes made at Sun Sep 14 20:00:07 UTC 2025
Changes made at Sun Sep 14 21:59:20 UTC 2025
Changes made at Sun Sep 14 22:59:24 UTC 2025
Changes made at Mon Sep 15 10:59:20 UTC 2025
Changes made at Mon Sep 15 19:59:48 UTC 2025
Changes made at Mon Sep 15 21:59:31 UTC 2025
Changes made at Mon Sep 15 22:59:19 UTC 2025
Changes made at Tue Sep 16 10:59:22 UTC 2025
Changes made at Tue Sep 16 19:59:31 UTC 2025
Changes made at Tue Sep 16 21:59:49 UTC 2025
Changes made at Tue Sep 16 22:59:40 UTC 2025
Changes made at Wed Sep 17 11:00:00 UTC 2025
Changes made at Wed Sep 17 19:59:50 UTC 2025
Changes made at Wed Sep 17 21:59:17 UTC 2025
Changes made at Wed Sep 17 22:59:28 UTC 2025
Changes made at Thu Sep 18 10:59:23 UTC 2025
Changes made at Thu Sep 18 19:59:29 UTC 2025
Changes made at Thu Sep 18 21:59:33 UTC 2025
Changes made at Thu Sep 18 22:59:27 UTC 2025
Changes made at Fri Sep 19 10:59:40 UTC 2025
Changes made at Fri Sep 19 20:00:02 UTC 2025
Changes made at Fri Sep 19 21:59:36 UTC 2025
Changes made at Fri Sep 19 22:59:33 UTC 2025
Changes made at Sat Sep 20 10:59:32 UTC 2025
Changes made at Sat Sep 20 19:59:22 UTC 2025
Changes made at Sat Sep 20 21:59:31 UTC 2025
Changes made at Sat Sep 20 22:59:29 UTC 2025
Changes made at Sun Sep 21 10:59:21 UTC 2025
Changes made at Sun Sep 21 19:59:22 UTC 2025
Changes made at Sun Sep 21 21:59:21 UTC 2025
Changes made at Sun Sep 21 22:59:17 UTC 2025
Changes made at Mon Sep 22 10:59:33 UTC 2025
Changes made at Mon Sep 22 19:59:25 UTC 2025
Changes made at Mon Sep 22 21:59:19 UTC 2025
Changes made at Mon Sep 22 22:59:21 UTC 2025
Changes made at Tue Sep 23 10:59:35 UTC 2025
Changes made at Tue Sep 23 19:59:25 UTC 2025
Changes made at Tue Sep 23 21:59:23 UTC 2025
Changes made at Tue Sep 23 22:59:15 UTC 2025
Changes made at Wed Sep 24 10:59:42 UTC 2025
Changes made at Wed Sep 24 19:59:37 UTC 2025
Changes made at Wed Sep 24 21:59:52 UTC 2025
Changes made at Wed Sep 24 22:59:30 UTC 2025
Changes made at Thu Sep 25 10:59:26 UTC 2025
Changes made at Thu Sep 25 19:59:33 UTC 2025
Changes made at Thu Sep 25 21:59:21 UTC 2025
Changes made at Thu Sep 25 22:59:18 UTC 2025
Changes made at Fri Sep 26 10:59:29 UTC 2025
Changes made at Fri Sep 26 19:59:38 UTC 2025
Changes made at Fri Sep 26 21:59:26 UTC 2025
Changes made at Fri Sep 26 22:59:37 UTC 2025
Changes made at Sat Sep 27 10:59:27 UTC 2025
Changes made at Sat Sep 27 19:59:24 UTC 2025
Changes made at Sat Sep 27 21:59:47 UTC 2025
Changes made at Sat Sep 27 22:59:24 UTC 2025
Changes made at Sun Sep 28 10:59:23 UTC 2025
Changes made at Sun Sep 28 19:59:36 UTC 2025
Changes made at Sun Sep 28 21:59:42 UTC 2025
Changes made at Sun Sep 28 22:59:55 UTC 2025
Changes made at Mon Sep 29 10:59:40 UTC 2025
Changes made at Mon Sep 29 19:59:44 UTC 2025
Changes made at Mon Sep 29 21:59:31 UTC 2025
Changes made at Mon Sep 29 22:59:32 UTC 2025
Changes made at Tue Sep 30 10:59:52 UTC 2025
Changes made at Tue Sep 30 19:59:30 UTC 2025
Changes made at Tue Sep 30 21:59:15 UTC 2025
Changes made at Tue Sep 30 22:59:26 UTC 2025
Changes made at Wed Oct  1 10:59:32 UTC 2025
Changes made at Wed Oct  1 19:59:18 UTC 2025
Changes made at Wed Oct  1 21:59:20 UTC 2025
Changes made at Wed Oct  1 22:59:18 UTC 2025
Changes made at Thu Oct  2 10:59:15 UTC 2025
Changes made at Thu Oct  2 19:59:35 UTC 2025
Changes made at Thu Oct  2 21:59:31 UTC 2025
Changes made at Thu Oct  2 22:59:35 UTC 2025
Changes made at Fri Oct  3 10:59:53 UTC 2025
Changes made at Fri Oct  3 19:59:30 UTC 2025
Changes made at Fri Oct  3 21:59:37 UTC 2025
Changes made at Fri Oct  3 22:59:41 UTC 2025
Changes made at Sat Oct  4 10:59:47 UTC 2025
Changes made at Sat Oct  4 19:59:47 UTC 2025
Changes made at Sat Oct  4 21:59:46 UTC 2025
Changes made at Sat Oct  4 22:59:52 UTC 2025
Changes made at Sun Oct  5 10:59:23 UTC 2025
Changes made at Sun Oct  5 19:59:46 UTC 2025
Changes made at Sun Oct  5 21:59:29 UTC 2025
Changes made at Sun Oct  5 22:59:44 UTC 2025
Changes made at Mon Oct  6 10:59:16 UTC 2025
Changes made at Mon Oct  6 19:59:21 UTC 2025
Changes made at Mon Oct  6 21:59:15 UTC 2025
Changes made at Mon Oct  6 22:59:32 UTC 2025
Changes made at Tue Oct  7 10:59:52 UTC 2025
Changes made at Tue Oct  7 19:59:40 UTC 2025
Changes made at Tue Oct  7 21:59:28 UTC 2025
Changes made at Tue Oct  7 22:59:41 UTC 2025
Changes made at Wed Oct  8 10:59:37 UTC 2025
Changes made at Wed Oct  8 19:59:45 UTC 2025
Changes made at Wed Oct  8 21:59:23 UTC 2025
Changes made at Wed Oct  8 22:59:17 UTC 2025
Changes made at Thu Oct  9 10:59:37 UTC 2025
Changes made at Thu Oct  9 19:59:25 UTC 2025
Changes made at Thu Oct  9 21:59:24 UTC 2025
Changes made at Thu Oct  9 22:59:22 UTC 2025
Changes made at Fri Oct 10 10:59:34 UTC 2025
Changes made at Fri Oct 10 19:59:41 UTC 2025
Changes made at Fri Oct 10 21:59:21 UTC 2025
Changes made at Fri Oct 10 22:59:34 UTC 2025
Changes made at Sat Oct 11 10:59:30 UTC 2025
Changes made at Sat Oct 11 19:59:23 UTC 2025
Changes made at Sat Oct 11 21:59:15 UTC 2025
Changes made at Sat Oct 11 22:59:33 UTC 2025
Changes made at Sun Oct 12 10:59:28 UTC 2025
Changes made at Sun Oct 12 19:59:18 UTC 2025
Changes made at Sun Oct 12 21:59:33 UTC 2025
Changes made at Sun Oct 12 22:59:28 UTC 2025
Changes made at Mon Oct 13 10:59:37 UTC 2025
Changes made at Mon Oct 13 19:59:55 UTC 2025
Changes made at Mon Oct 13 21:59:19 UTC 2025
Changes made at Mon Oct 13 22:59:22 UTC 2025
Changes made at Tue Oct 14 10:59:18 UTC 2025
Changes made at Tue Oct 14 19:59:36 UTC 2025
Changes made at Tue Oct 14 21:59:20 UTC 2025
Changes made at Tue Oct 14 22:59:38 UTC 2025
Changes made at Wed Oct 15 10:59:36 UTC 2025
Changes made at Wed Oct 15 19:59:46 UTC 2025
Changes made at Wed Oct 15 21:59:34 UTC 2025
Changes made at Wed Oct 15 22:59:40 UTC 2025
Changes made at Thu Oct 16 10:59:22 UTC 2025
Changes made at Thu Oct 16 19:59:40 UTC 2025
Changes made at Thu Oct 16 21:59:44 UTC 2025
Changes made at Thu Oct 16 22:59:28 UTC 2025
Changes made at Fri Oct 17 10:59:32 UTC 2025
Changes made at Fri Oct 17 19:59:37 UTC 2025
Changes made at Fri Oct 17 21:59:19 UTC 2025
Changes made at Fri Oct 17 22:59:19 UTC 2025
Changes made at Sat Oct 18 10:59:20 UTC 2025
Changes made at Sat Oct 18 19:59:35 UTC 2025
Changes made at Sat Oct 18 21:59:40 UTC 2025
Changes made at Sat Oct 18 22:59:44 UTC 2025
Changes made at Sun Oct 19 10:59:19 UTC 2025
Changes made at Sun Oct 19 19:59:37 UTC 2025
Changes made at Sun Oct 19 21:59:24 UTC 2025
Changes made at Sun Oct 19 22:59:19 UTC 2025
Changes made at Mon Oct 20 10:59:43 UTC 2025
Changes made at Mon Oct 20 19:59:28 UTC 2025
Changes made at Mon Oct 20 21:59:17 UTC 2025
Changes made at Mon Oct 20 22:59:44 UTC 2025
Changes made at Tue Oct 21 10:59:28 UTC 2025
Changes made at Tue Oct 21 19:59:39 UTC 2025
Changes made at Tue Oct 21 21:59:31 UTC 2025
Changes made at Tue Oct 21 22:59:31 UTC 2025
Changes made at Wed Oct 22 10:59:50 UTC 2025
Changes made at Wed Oct 22 19:59:26 UTC 2025
Changes made at Wed Oct 22 21:59:41 UTC 2025
Changes made at Wed Oct 22 22:59:24 UTC 2025
Changes made at Thu Oct 23 10:59:36 UTC 2025
Changes made at Thu Oct 23 19:59:32 UTC 2025
Changes made at Thu Oct 23 21:59:34 UTC 2025
Changes made at Thu Oct 23 22:59:25 UTC 2025
Changes made at Fri Oct 24 10:59:35 UTC 2025
Changes made at Fri Oct 24 19:59:27 UTC 2025
Changes made at Fri Oct 24 21:59:33 UTC 2025
Changes made at Fri Oct 24 22:59:30 UTC 2025
Changes made at Sat Oct 25 10:59:47 UTC 2025
Changes made at Sat Oct 25 19:59:29 UTC 2025
Changes made at Sat Oct 25 21:59:26 UTC 2025
Changes made at Sat Oct 25 22:59:46 UTC 2025
Changes made at Sun Oct 26 10:59:23 UTC 2025
Changes made at Sun Oct 26 19:59:33 UTC 2025
Changes made at Sun Oct 26 21:59:22 UTC 2025
Changes made at Sun Oct 26 22:59:47 UTC 2025
Changes made at Mon Oct 27 10:59:25 UTC 2025
Changes made at Mon Oct 27 19:59:24 UTC 2025
Changes made at Mon Oct 27 21:59:56 UTC 2025
Changes made at Mon Oct 27 22:59:29 UTC 2025
Changes made at Tue Oct 28 10:59:19 UTC 2025
Changes made at Tue Oct 28 19:59:54 UTC 2025
Changes made at Tue Oct 28 21:59:29 UTC 2025
Changes made at Tue Oct 28 22:59:54 UTC 2025
Changes made at Wed Oct 29 10:59:23 UTC 2025
Changes made at Wed Oct 29 19:59:40 UTC 2025
Changes made at Wed Oct 29 21:59:17 UTC 2025
Changes made at Wed Oct 29 22:59:23 UTC 2025
Changes made at Thu Oct 30 10:59:19 UTC 2025
Changes made at Thu Oct 30 19:59:23 UTC 2025
Changes made at Thu Oct 30 21:59:29 UTC 2025
Changes made at Thu Oct 30 22:59:21 UTC 2025
Changes made at Fri Oct 31 10:59:30 UTC 2025
Changes made at Fri Oct 31 19:59:36 UTC 2025
Changes made at Fri Oct 31 21:59:16 UTC 2025
Changes made at Fri Oct 31 22:59:33 UTC 2025
Changes made at Sat Nov  1 10:59:24 UTC 2025
Changes made at Sat Nov  1 19:59:20 UTC 2025
Changes made at Sat Nov  1 21:59:34 UTC 2025
Changes made at Sat Nov  1 22:59:26 UTC 2025
Changes made at Sun Nov  2 10:59:18 UTC 2025
Changes made at Sun Nov  2 19:59:34 UTC 2025
Changes made at Sun Nov  2 21:59:35 UTC 2025
Changes made at Sun Nov  2 22:59:22 UTC 2025
Changes made at Mon Nov  3 10:59:52 UTC 2025
Changes made at Mon Nov  3 19:59:31 UTC 2025
Changes made at Mon Nov  3 21:59:30 UTC 2025
Changes made at Mon Nov  3 22:59:20 UTC 2025
Changes made at Tue Nov  4 10:59:20 UTC 2025
Changes made at Tue Nov  4 19:59:29 UTC 2025
Changes made at Tue Nov  4 21:59:27 UTC 2025
Changes made at Tue Nov  4 22:59:17 UTC 2025
Changes made at Wed Nov  5 10:59:23 UTC 2025
Changes made at Wed Nov  5 19:59:49 UTC 2025
Changes made at Wed Nov  5 21:59:32 UTC 2025
Changes made at Wed Nov  5 22:59:28 UTC 2025
Changes made at Thu Nov  6 10:59:48 UTC 2025
Changes made at Thu Nov  6 19:59:26 UTC 2025
Changes made at Thu Nov  6 21:59:43 UTC 2025
Changes made at Thu Nov  6 22:59:26 UTC 2025
Changes made at Fri Nov  7 10:59:46 UTC 2025
Changes made at Fri Nov  7 19:59:36 UTC 2025
Changes made at Fri Nov  7 21:59:33 UTC 2025
Changes made at Fri Nov  7 22:59:15 UTC 2025
Changes made at Sat Nov  8 10:59:50 UTC 2025
Changes made at Sat Nov  8 19:59:44 UTC 2025
Changes made at Sat Nov  8 21:59:28 UTC 2025
Changes made at Sat Nov  8 22:59:25 UTC 2025
Changes made at Sun Nov  9 10:59:35 UTC 2025
Changes made at Sun Nov  9 19:59:41 UTC 2025
Changes made at Sun Nov  9 21:59:20 UTC 2025
Changes made at Sun Nov  9 22:59:20 UTC 2025
Changes made at Mon Nov 10 10:59:23 UTC 2025
Changes made at Mon Nov 10 19:59:39 UTC 2025
Changes made at Mon Nov 10 21:59:19 UTC 2025
Changes made at Mon Nov 10 22:59:26 UTC 2025
Changes made at Tue Nov 11 10:59:33 UTC 2025
Changes made at Tue Nov 11 19:59:37 UTC 2025
Changes made at Tue Nov 11 21:59:30 UTC 2025
Changes made at Tue Nov 11 22:59:16 UTC 2025
Changes made at Wed Nov 12 10:59:41 UTC 2025
Changes made at Wed Nov 12 19:59:43 UTC 2025
Changes made at Wed Nov 12 21:59:38 UTC 2025
Changes made at Wed Nov 12 22:59:24 UTC 2025
Changes made at Thu Nov 13 10:59:37 UTC 2025
Changes made at Thu Nov 13 19:59:53 UTC 2025
Changes made at Thu Nov 13 21:59:32 UTC 2025
Changes made at Thu Nov 13 22:59:46 UTC 2025
Changes made at Fri Nov 14 10:59:33 UTC 2025
Changes made at Fri Nov 14 19:59:25 UTC 2025
Changes made at Fri Nov 14 21:59:41 UTC 2025
Changes made at Fri Nov 14 22:59:25 UTC 2025
Changes made at Sat Nov 15 10:59:41 UTC 2025
Changes made at Sat Nov 15 19:59:29 UTC 2025
Changes made at Sat Nov 15 21:59:23 UTC 2025
Changes made at Sat Nov 15 22:59:27 UTC 2025
Changes made at Sun Nov 16 10:59:33 UTC 2025
Changes made at Sun Nov 16 19:59:44 UTC 2025
Changes made at Sun Nov 16 21:59:31 UTC 2025
Changes made at Sun Nov 16 22:59:33 UTC 2025
Changes made at Mon Nov 17 10:59:34 UTC 2025
Changes made at Mon Nov 17 19:59:45 UTC 2025
Changes made at Mon Nov 17 21:59:24 UTC 2025
Changes made at Mon Nov 17 22:59:45 UTC 2025
Changes made at Tue Nov 18 10:59:34 UTC 2025
Changes made at Tue Nov 18 19:59:37 UTC 2025
Changes made at Tue Nov 18 21:59:17 UTC 2025
Changes made at Tue Nov 18 22:59:28 UTC 2025
Changes made at Wed Nov 19 10:59:35 UTC 2025
Changes made at Wed Nov 19 19:59:16 UTC 2025
Changes made at Wed Nov 19 21:59:42 UTC 2025
Changes made at Wed Nov 19 22:59:34 UTC 2025
Changes made at Thu Nov 20 10:59:40 UTC 2025
Changes made at Thu Nov 20 19:59:40 UTC 2025
Changes made at Thu Nov 20 21:59:22 UTC 2025
Changes made at Thu Nov 20 22:59:23 UTC 2025
Changes made at Fri Nov 21 10:59:25 UTC 2025
Changes made at Fri Nov 21 19:59:27 UTC 2025
Changes made at Fri Nov 21 21:59:25 UTC 2025
Changes made at Fri Nov 21 22:59:40 UTC 2025
Changes made at Sat Nov 22 10:59:20 UTC 2025
Changes made at Sat Nov 22 19:59:32 UTC 2025
Changes made at Sat Nov 22 21:59:20 UTC 2025
Changes made at Sat Nov 22 22:59:43 UTC 2025
Changes made at Sun Nov 23 10:59:19 UTC 2025
Changes made at Sun Nov 23 19:59:28 UTC 2025
Changes made at Sun Nov 23 21:59:19 UTC 2025
Changes made at Sun Nov 23 22:59:27 UTC 2025
Changes made at Mon Nov 24 10:59:24 UTC 2025
Changes made at Mon Nov 24 19:59:33 UTC 2025
Changes made at Mon Nov 24 21:59:42 UTC 2025
Changes made at Mon Nov 24 22:59:21 UTC 2025
Changes made at Tue Nov 25 10:59:20 UTC 2025
Changes made at Tue Nov 25 19:59:36 UTC 2025
Changes made at Tue Nov 25 21:59:26 UTC 2025
Changes made at Tue Nov 25 22:59:40 UTC 2025
Changes made at Wed Nov 26 10:59:32 UTC 2025
Changes made at Wed Nov 26 19:59:27 UTC 2025
Changes made at Wed Nov 26 21:59:27 UTC 2025
Changes made at Wed Nov 26 22:59:24 UTC 2025
Changes made at Thu Nov 27 10:59:36 UTC 2025
Changes made at Thu Nov 27 19:59:39 UTC 2025
Changes made at Thu Nov 27 21:59:29 UTC 2025
Changes made at Thu Nov 27 22:59:16 UTC 2025
Changes made at Fri Nov 28 10:59:19 UTC 2025
Changes made at Fri Nov 28 19:59:26 UTC 2025
Changes made at Fri Nov 28 21:59:42 UTC 2025
Changes made at Fri Nov 28 22:59:39 UTC 2025
Changes made at Sat Nov 29 10:59:52 UTC 2025
Changes made at Sat Nov 29 19:59:30 UTC 2025
Changes made at Sat Nov 29 21:59:20 UTC 2025
Changes made at Sat Nov 29 22:59:17 UTC 2025
Changes made at Sun Nov 30 10:59:32 UTC 2025
Changes made at Sun Nov 30 19:59:32 UTC 2025
Changes made at Sun Nov 30 21:59:21 UTC 2025
Changes made at Sun Nov 30 22:59:48 UTC 2025
Changes made at Mon Dec  1 10:59:21 UTC 2025
Changes made at Mon Dec  1 19:59:36 UTC 2025
Changes made at Mon Dec  1 21:59:28 UTC 2025
Changes made at Mon Dec  1 22:59:41 UTC 2025
Changes made at Tue Dec  2 10:59:28 UTC 2025
Changes made at Tue Dec  2 19:59:20 UTC 2025
Changes made at Tue Dec  2 21:59:27 UTC 2025
Changes made at Tue Dec  2 22:59:28 UTC 2025
Changes made at Wed Dec  3 10:59:36 UTC 2025
Changes made at Wed Dec  3 19:59:27 UTC 2025
Changes made at Wed Dec  3 21:59:27 UTC 2025
Changes made at Wed Dec  3 22:59:29 UTC 2025
Changes made at Thu Dec  4 10:59:19 UTC 2025
Changes made at Thu Dec  4 19:59:25 UTC 2025
Changes made at Thu Dec  4 21:59:50 UTC 2025
Changes made at Thu Dec  4 22:59:18 UTC 2025
Changes made at Fri Dec  5 10:59:41 UTC 2025
Changes made at Fri Dec  5 19:59:27 UTC 2025
Changes made at Fri Dec  5 21:59:29 UTC 2025
Changes made at Fri Dec  5 22:59:43 UTC 2025
Changes made at Sat Dec  6 10:59:27 UTC 2025
Changes made at Sat Dec  6 19:59:19 UTC 2025
Changes made at Sat Dec  6 21:59:21 UTC 2025
Changes made at Sat Dec  6 22:59:19 UTC 2025
Changes made at Sun Dec  7 10:59:25 UTC 2025
Changes made at Sun Dec  7 19:59:34 UTC 2025
Changes made at Sun Dec  7 21:59:25 UTC 2025
Changes made at Sun Dec  7 22:59:30 UTC 2025
Changes made at Mon Dec  8 10:59:32 UTC 2025
Changes made at Mon Dec  8 19:59:38 UTC 2025
Changes made at Mon Dec  8 21:59:20 UTC 2025
Changes made at Mon Dec  8 22:59:31 UTC 2025
Changes made at Tue Dec  9 10:59:20 UTC 2025
Changes made at Tue Dec  9 19:59:28 UTC 2025
Changes made at Tue Dec  9 21:59:26 UTC 2025
Changes made at Tue Dec  9 22:59:32 UTC 2025
Changes made at Wed Dec 10 10:59:29 UTC 2025
Changes made at Wed Dec 10 19:59:27 UTC 2025
Changes made at Wed Dec 10 21:59:33 UTC 2025
Changes made at Wed Dec 10 22:59:37 UTC 2025
Changes made at Thu Dec 11 10:59:27 UTC 2025
Changes made at Thu Dec 11 19:59:28 UTC 2025
Changes made at Thu Dec 11 21:59:36 UTC 2025
Changes made at Thu Dec 11 22:59:26 UTC 2025
Changes made at Fri Dec 12 10:59:21 UTC 2025
Changes made at Fri Dec 12 19:59:34 UTC 2025
Changes made at Fri Dec 12 21:59:28 UTC 2025
Changes made at Fri Dec 12 22:59:24 UTC 2025
Changes made at Sat Dec 13 10:59:22 UTC 2025
Changes made at Sat Dec 13 19:59:26 UTC 2025
Changes made at Sat Dec 13 21:59:18 UTC 2025
Changes made at Sat Dec 13 22:59:23 UTC 2025
Changes made at Sun Dec 14 10:59:49 UTC 2025
Changes made at Sun Dec 14 19:59:29 UTC 2025
Changes made at Sun Dec 14 21:59:18 UTC 2025
Changes made at Sun Dec 14 22:59:26 UTC 2025
Changes made at Mon Dec 15 11:00:33 UTC 2025
Changes made at Mon Dec 15 19:59:33 UTC 2025
Changes made at Mon Dec 15 21:59:50 UTC 2025
Changes made at Mon Dec 15 22:59:46 UTC 2025
Changes made at Tue Dec 16 10:59:27 UTC 2025
Changes made at Tue Dec 16 19:59:33 UTC 2025
Changes made at Tue Dec 16 22:00:02 UTC 2025
Changes made at Tue Dec 16 22:59:22 UTC 2025
Changes made at Wed Dec 17 10:59:20 UTC 2025
Changes made at Wed Dec 17 19:59:29 UTC 2025
Changes made at Wed Dec 17 21:59:45 UTC 2025
Changes made at Wed Dec 17 22:59:26 UTC 2025
Changes made at Thu Dec 18 10:59:35 UTC 2025
Changes made at Thu Dec 18 19:59:28 UTC 2025
Changes made at Thu Dec 18 21:59:28 UTC 2025
Changes made at Thu Dec 18 22:59:25 UTC 2025
Changes made at Fri Dec 19 10:59:42 UTC 2025
Changes made at Fri Dec 19 19:59:32 UTC 2025
Changes made at Fri Dec 19 21:59:32 UTC 2025
Changes made at Fri Dec 19 22:59:49 UTC 2025
Changes made at Sat Dec 20 10:59:27 UTC 2025
Changes made at Sat Dec 20 19:59:22 UTC 2025
Changes made at Sat Dec 20 21:59:43 UTC 2025
Changes made at Sat Dec 20 22:59:47 UTC 2025
Changes made at Sun Dec 21 10:59:21 UTC 2025
Changes made at Sun Dec 21 19:59:37 UTC 2025
Changes made at Sun Dec 21 21:59:26 UTC 2025
Changes made at Sun Dec 21 22:59:25 UTC 2025
Changes made at Mon Dec 22 10:59:23 UTC 2025
Changes made at Mon Dec 22 19:59:33 UTC 2025
Changes made at Mon Dec 22 21:59:22 UTC 2025
Changes made at Mon Dec 22 22:59:25 UTC 2025
Changes made at Tue Dec 23 10:59:24 UTC 2025
Changes made at Tue Dec 23 19:59:32 UTC 2025
Changes made at Tue Dec 23 21:59:20 UTC 2025
Changes made at Tue Dec 23 22:59:45 UTC 2025
Changes made at Wed Dec 24 10:59:19 UTC 2025
Changes made at Wed Dec 24 19:59:26 UTC 2025
Changes made at Wed Dec 24 21:59:31 UTC 2025
Changes made at Wed Dec 24 22:59:52 UTC 2025
Changes made at Thu Dec 25 10:59:29 UTC 2025
Changes made at Thu Dec 25 19:59:44 UTC 2025
Changes made at Thu Dec 25 21:59:31 UTC 2025
Changes made at Thu Dec 25 22:59:19 UTC 2025
Changes made at Fri Dec 26 10:59:47 UTC 2025
Changes made at Fri Dec 26 19:59:43 UTC 2025
Changes made at Fri Dec 26 21:59:21 UTC 2025
Changes made at Fri Dec 26 22:59:24 UTC 2025
Changes made at Sat Dec 27 10:59:35 UTC 2025
Changes made at Sat Dec 27 19:59:20 UTC 2025
Changes made at Sat Dec 27 21:59:22 UTC 2025
Changes made at Sat Dec 27 22:59:21 UTC 2025
Changes made at Sun Dec 28 10:59:22 UTC 2025
Changes made at Sun Dec 28 19:59:27 UTC 2025
Changes made at Sun Dec 28 21:59:21 UTC 2025
Changes made at Sun Dec 28 22:59:53 UTC 2025
Changes made at Mon Dec 29 10:59:52 UTC 2025
Changes made at Mon Dec 29 19:59:38 UTC 2025
Changes made at Mon Dec 29 21:59:38 UTC 2025
Changes made at Mon Dec 29 22:59:46 UTC 2025
Changes made at Tue Dec 30 10:59:32 UTC 2025
Changes made at Tue Dec 30 19:59:45 UTC 2025
Changes made at Tue Dec 30 21:59:23 UTC 2025
Changes made at Tue Dec 30 22:59:50 UTC 2025
Changes made at Wed Dec 31 10:59:20 UTC 2025
Changes made at Wed Dec 31 19:59:34 UTC 2025
Changes made at Wed Dec 31 21:59:39 UTC 2025
Changes made at Wed Dec 31 22:59:31 UTC 2025
Changes made at Thu Jan  1 10:59:42 UTC 2026
Changes made at Thu Jan  1 19:59:23 UTC 2026
Changes made at Thu Jan  1 21:59:16 UTC 2026
Changes made at Thu Jan  1 22:59:41 UTC 2026
Changes made at Fri Jan  2 10:59:20 UTC 2026
Changes made at Fri Jan  2 19:59:30 UTC 2026
Changes made at Fri Jan  2 21:59:17 UTC 2026
Changes made at Fri Jan  2 22:59:33 UTC 2026
Changes made at Sat Jan  3 10:59:53 UTC 2026
Changes made at Sat Jan  3 19:59:30 UTC 2026
Changes made at Sat Jan  3 21:59:23 UTC 2026
Changes made at Sat Jan  3 22:59:27 UTC 2026
Changes made at Sun Jan  4 10:59:23 UTC 2026
Changes made at Sun Jan  4 19:59:27 UTC 2026
Changes made at Sun Jan  4 21:59:39 UTC 2026
Changes made at Sun Jan  4 22:59:26 UTC 2026
Changes made at Mon Jan  5 11:00:43 UTC 2026
Changes made at Mon Jan  5 19:59:20 UTC 2026
Changes made at Mon Jan  5 21:59:23 UTC 2026
Changes made at Mon Jan  5 22:59:26 UTC 2026
Changes made at Tue Jan  6 10:59:52 UTC 2026
Changes made at Tue Jan  6 19:59:19 UTC 2026
Changes made at Tue Jan  6 21:59:38 UTC 2026
Changes made at Tue Jan  6 22:59:24 UTC 2026
Changes made at Wed Jan  7 10:59:30 UTC 2026
Changes made at Wed Jan  7 19:59:44 UTC 2026
Changes made at Wed Jan  7 21:59:23 UTC 2026
Changes made at Wed Jan  7 22:59:17 UTC 2026
Changes made at Thu Jan  8 11:00:26 UTC 2026
Changes made at Thu Jan  8 19:59:25 UTC 2026
Changes made at Thu Jan  8 21:59:29 UTC 2026
Changes made at Thu Jan  8 22:59:36 UTC 2026
Changes made at Fri Jan  9 10:59:56 UTC 2026
Changes made at Fri Jan  9 19:59:22 UTC 2026
